Profile Name,Title Name,Country,Utc Title Add Date
Sofia,The Loud House Movie,France,2021-07-12
Sofia,A Babysitter's Guide to Monster Hunting,France,2020-10-10
Wahil,The Takeover,France,2022-11-01
Wahil,Yong Pal,France,2022-10-30
Wahil,The K2,France,2022-10-30
Wahil,The Bastard Son & The Devil Himself,France,2022-10-28
Wahil,20th Century Girl,France,2022-10-28
Wahil,Lookism,France,2022-10-26
Wahil,Once Upon a Small Town,France,2022-10-18
Wahil,The Empress,France,2022-10-01
Wahil,Entergalactic,France,2022-10-01
Wahil,Blonde,France,2022-09-28
Wahil,The Defeated,France,2022-09-28
Wahil,Drifting Home,France,2022-09-17
Wahil,Lost Ollie,France,2022-09-03
Wahil,Loving Adults,France,2022-09-03
Wahil,I Came By,France,2022-09-02
Wahil,Young Lady and Gentleman,France,2022-08-31
Wahil,Sell Your Haunted House,France,2022-08-29
Wahil,Kleo,France,2022-08-26
Wahil,Look Both Ways,France,2022-08-19
Wahil,Jump,France,2022-08-19
Wahil,Seal Team,France,2022-08-19
Wahil,The Sandman,France,2022-08-08
Wahil,Twenty Five Twenty One,France,2022-08-08
Wahil,Remember You,France,2022-08-04
Wahil,Youth of May,France,2022-07-29
Wahil,Dali & Cocky Prince,France,2022-07-29
Wahil,Police University,France,2022-07-28
Wahil,War Dogs,France,2022-07-20
Wahil,Persuasion,France,2022-07-15
Wahil,Brightburn,France,2022-07-01
Wahil,Love on the Spectrum U.S.,France,2022-05-18
Wahil,Along for the Ride,France,2022-05-14
Wahil,Under the Sun,France,2022-05-01
Wahil,Ghost in the Shell: SAC_2045,France,2022-04-30
Wahil,Om Shanti Om,France,2022-04-29
Wahil,Samurai Rabbit: The Usagi Chronicles,France,2022-04-29
Wahil,Bubble,France,2022-04-29
Wahil,Velvet Buzzsaw,France,2022-04-26
Wahil,Russian Doll,France,2022-04-22
Wahil,Resident Evil,France,2022-04-17
Wahil,Dirty Lines,France,2022-04-14
Wahil,Marriage Contract,France,2022-04-12
Wahil,First They Killed My Father,France,2022-04-03
Wahil,Memoirs of a Geisha,France,2022-04-02
Wahil,The Lost Daughter,France,2022-03-29
Wahil,The Confession Killer,France,2022-03-29
Wahil,Tomorrow,France,2022-03-29
Wahil,Soil,France,2022-03-29
Wahil,The Sound of Your Heart,France,2022-03-24
Wahil,Catching Killers,France,2022-03-14
Wahil,Battle: Freestyle,France,2022-03-13
Wahil,Thermae Romae Novae,France,2022-03-13
Wahil,Business Proposal,France,2022-03-13
Wahil,The In Between,France,2022-03-13
Wahil,Black Crab,France,2022-03-13
Wahil,Love Like the Falling Petals,France,2022-03-13
Wahil,Adam by Eve: A live in Animation,France,2022-03-13
Wahil,Human Resources,France,2022-03-13
Wahil,Business Proposal,France,2022-03-07
Wahil,Worst Roommate Ever,France,2022-03-07
Wahil,A Madea Homecoming,France,2022-03-01
Wahil,Fishbowl Wives,France,2022-02-14
Wahil,All of Us Are Dead,France,2022-02-12
Wahil,The Office (U.S.),France,2022-02-06
Wahil,After Life,France,2022-02-06
Wahil,The Lovebirds,France,2022-02-06
Wahil,Feria: The Darkest Light,France,2022-01-29
Wahil,The Woman in the House Across the Street from the Girl in the Window,France,2022-01-26
Wahil,The Tinder Swindler,France,2022-01-26
Wahil,jeen-yuhs: A Kanye Trilogy,France,2022-01-26
Wahil,In From the Cold,France,2022-01-26
Wahil,Tall Girl 2,France,2022-01-26
Wahil,Sweet Magnolias,France,2022-01-26
Wahil,Through My Window,France,2022-01-26
Wahil,Love and Leashes,France,2022-01-26
Wahil,Young Wallander,France,2022-01-26
Wahil,The Privilege,France,2022-01-26
Wahil,Custody,France,2022-01-26
Wahil,The Cuphead Show!,France,2022-01-26
Wahil,Archive 81,United States,2022-01-14
Wahil,Four to Dinner,France,2022-01-07
Wahil,Mother/Android,France,2022-01-07
Wahil,Encounter,France,2022-01-07
Wahil,The Door into Summer,France,2021-12-28
Wahil,Russell Howard: Lubricant,France,2021-12-10
Wahil,Robin Robin,France,2021-12-05
Wahil,Rain or Shine,France,2021-12-03
Wahil,Inspector Koo,France,2021-12-02
Wahil,A Castle For Christmas,France,2021-11-29
Wahil,Super Crooks,France,2021-11-25
Wahil,Close Enough,France,2021-11-17
Wahil,Cowboy Bebop,France,2021-11-04
Wahil,Transformers: Revenge of the Fallen,France,2021-11-04
Wahil,Just Short of Perfect,France,2021-11-04
Wahil,Reflection of You,France,2021-11-04
Wahil,Angèle,France,2021-11-04
Wahil,Tear Along the Dotted Line,France,2021-11-04
Wahil,We Couldn't Become Adults,France,2021-11-04
Wahil,Hellbound,France,2021-11-04
Wahil,THE FABLE: The Killer Who Doesn't Kill,France,2021-11-04
Wahil,Start-Up,France,2021-11-04
Wahil,Green Snake,France,2021-11-04
Wahil,Lawless Lawyer,France,2021-10-30
Wahil,Colin in Black & White,France,2021-10-24
Wahil,Love Hard,France,2021-10-15
Wahil,The King's Affection,France,2021-10-15
Wahil,Arcane,France,2021-10-15
Wahil,Hypnotic,France,2021-10-15
Wahil,Red Notice,France,2021-10-15
Wahil,Army of Thieves,France,2021-10-15
Wahil,JAPAN SINKS: People of Hope,France,2021-10-10
Wahil,A World Without,France,2021-10-09
Wahil,Upcoming Summer,France,2021-10-05
Wahil,Oats Studios,France,2021-10-04
Wahil,Attack of the Hollywood Clichés!,France,2021-10-04
Wahil,War of the Worlds,France,2021-10-02
Wahil,Komi Can't Communicate,France,2021-09-29
Wahil,Maya and the Three,France,2021-09-29
Wahil,Inside Job,France,2021-09-29
Wahil,Bright: Samurai Soul,France,2021-09-29
Wahil,The Forgotten Battle,France,2021-09-29
Wahil,Night Teeth,France,2021-09-29
Wahil,Stuck Together,France,2021-09-29
Wahil,Persona,France,2021-09-27
Wahil,My Name,France,2021-09-20
Wahil,Firedrake the Silver Dragon,France,2021-09-12
Wahil,The Starling,France,2021-09-10
Wahil,Slender Man,France,2021-09-10
Wahil,Her Private Life,France,2021-09-10
Wahil,Mr. & Mrs. Smith,France,2021-09-10
Wahil,Kingsglaive: Final Fantasy XV,France,2021-09-10
Wahil,Sounds Like Love,France,2021-09-10
Wahil,Bangkok Breaking,France,2021-09-10
Wahil,Chicago Party Aunt,France,2021-09-10
Wahil,Superstore,France,2021-09-10
Wahil,Jaguar,France,2021-09-10
Wahil,The Crowned Clown,France,2021-09-10
Wahil,Knight and Day,France,2021-09-10
Wahil,My Little Pony: A New Generation,France,2021-09-10
Wahil,The Guilty,France,2021-09-10
Wahil,The Way of the Househusband,France,2021-09-10
Wahil,Witch at Court,France,2021-09-08
Wahil,The Charming Stepmom,France,2021-09-04
Wahil,Sharkdog,France,2021-09-04
Wahil,Worth,France,2021-09-04
Wahil,Easy A,France,2021-09-01
Wahil,Hometown Cha-Cha-Cha,France,2021-08-30
Wahil,I Heart Arlo,France,2021-08-27
Wahil,Post Mortem: No One Dies in Skarnes,France,2021-08-27
Wahil,JJ+E,France,2021-08-26
Wahil,SAS: Rise of the Black Swan,France,2021-08-26
Wahil,Touch Your Heart,France,2021-08-26
Wahil,Deadly Class,France,2021-08-26
Wahil,Sex Education,France,2021-08-26
Wahil,Squid Game,France,2021-08-26
Wahil,Memories of a Murderer: The Nilsen Tapes,France,2021-08-19
Wahil,Ghost Wars,France,2021-08-19
Wahil,AlRawabi School for Girls,France,2021-08-19
Wahil,Untold: Deal With the Devil,France,2021-08-18
Wahil,XOXO,France,2021-08-18
Wahil,You Are My Spring,France,2021-08-17
Wahil,EDENS ZERO,France,2021-08-17
Wahil,"Nevertheless,",France,2021-08-17
Wahil,He's All That,France,2021-08-17
Wahil,D.P.,France,2021-08-17
Wahil,Kate,France,2021-08-17
Wahil,Into the Ring,France,2021-08-16
Wahil,Zombie Detective,France,2021-08-16
Wahil,Downton Abbey,France,2021-08-14
Wahil,Trollhunters: Rise of the Titans,France,2021-08-13
Wahil,To All the Guys who Loved Me,France,2021-08-13
Wahil,A Fortunate Man,France,2021-08-13
Wahil,Song One,France,2021-08-06
Wahil,Hanna,France,2021-08-06
Wahil,Before I Fall,France,2021-08-06
Wahil,Aftermath,France,2021-08-05
Wahil,The Politician,France,2021-08-02
Wahil,This Little Love of Mine,France,2021-08-02
Wahil,One More Time,France,2021-07-28
Wahil,Secret Garden,France,2021-07-28
Wahil,Best Lover,France,2021-07-25
Wahil,Monster Hunter: Legends of the Guild,France,2021-07-25
Wahil,How to Sell Drugs Online (Fast),France,2021-07-25
Wahil,Brand New Cherry Flavor,France,2021-07-25
Wahil,The Kissing Booth 3,France,2021-07-25
Wahil,Les deux amis,France,2021-07-25
Wahil,The Secret Diary of an Exchange Student,France,2021-07-25
Wahil,Top Secret UFO Projects: Declassified,France,2021-07-25
Wahil,Out of my league,France,2021-07-25
Wahil,Shiny_Flakes: The Teenage Drug Lord,France,2021-07-25
Wahil,AlRawabi School for Girls,France,2021-07-25
Wahil,Vivo,France,2021-07-25
Wahil,Korean Cold Noodle Rhapsody,France,2021-07-25
Wahil,Transformers: War for Cybertron: Kingdom,France,2021-07-25
Wahil,Pray Away,France,2021-07-25
Wahil,Kingdom: Ashin of the North,France,2021-07-23
Wahil,A Classic Horror Story,France,2021-07-15
Wahil,BEASTARS,France,2021-07-10
Wahil,The Movies That Made Us,France,2021-07-10
Wahil,Resort to Love,France,2021-07-10
Wahil,Control Z,France,2021-07-10
Wahil,Outer Banks,France,2021-07-10
Wahil,Words Bubble Up Like Soda Pop,France,2021-07-10
Wahil,Major Grom: Plague Doctor,France,2021-07-08
Wahil,Mark of the Devil,France,2021-07-08
Wahil,Disturbia,France,2021-07-06
Wahil,Generation 56k,France,2021-07-05
Wahil,Mobile Suit Gundam Hathaway,France,2021-07-04
Wahil,Warcraft,France,2021-07-03
Wahil,Legend of Exorcism,France,2021-07-02
Wahil,The 8th Night,France,2021-07-02
Wahil,The Hobbit: The Battle of the Five Armies,France,2021-07-02
Wahil,Mad for Each Other,France,2021-07-02
Wahil,Shutter Island,France,2021-06-17
Wahil,RESIDENT EVIL: Infinite Darkness,France,2021-06-16
Wahil,The Rational Life,France,2021-06-16
Wahil,The Purge,France,2021-06-16
Wahil,How I Became a Superhero,France,2021-06-16
Wahil,Atypical,France,2021-06-16
Wahil,The Water Man,France,2021-06-16
Wahil,Fear Street Part 1: 1994,France,2021-06-16
Wahil,The First Purge,France,2021-06-16
Wahil,Beyond Evil,France,2021-06-16
Wahil,The Daily Life of the Immortal King,France,2021-06-16
Wahil,The Cook of Castamar,France,2021-06-16
Wahil,Wonder Boy,France,2021-06-16
Wahil,Elite Short Stories: Carla Samuel,France,2021-06-16
Wahil,Sex/Life,France,2021-06-16
Wahil,Unfriended,France,2021-06-16
Wahil,Underworld: Evolution,France,2021-06-06
Wahil,Black Space,France,2021-06-02
Wahil,Trese,France,2021-05-27
Wahil,Wish Dragon,France,2021-05-27
Wahil,Fatherhood,France,2021-05-27
Wahil,The Crown,France,2021-05-24
Wahil,Army of the Dead,France,2021-05-23
Wahil,The Heroic Legend of Arslan,France,2021-05-15
Wahil,Luther,France,2021-05-14
Wahil,"Money, Explained",France,2021-05-08
Wahil,Sweet Tooth,France,2021-05-08
Wahil,The Woman in the Window,France,2021-05-08
Wahil,Who Killed Sara?,France,2021-05-08
Wahil,"Love, Death & Robots",France,2021-05-08
Wahil,Move to Heaven,France,2021-05-08
Wahil,Ex Machina,France,2021-05-08
Wahil,Eden,France,2021-05-08
Wahil,Are You Human,France,2021-05-07
Wahil,Monster,France,2021-05-07
Wahil,Navillera,France,2021-05-04
Wahil,Vincenzo,France,2021-05-04
Wahil,Stay Tuned!,France,2021-05-03
Wahil,She,France,2021-05-03
Wahil,World's Most Wanted,France,2021-05-02
Wahil,Warrior,France,2021-05-02
Wahil,Fear City: New York vs The Mafia,France,2021-05-02
Wahil,Resident Evil: Damnation,France,2021-05-01
Wahil,The Mitchells vs. The Machines,France,2021-04-30
Wahil,Things Heard & Seen,France,2021-04-29
Wahil,The Queen of Flow,France,2021-04-28
Wahil,Sexify,France,2021-04-28
Wahil,BTOOOM!,France,2021-04-26
Wahil,Norsemen,France,2021-04-25
Wahil,#Alive,France,2021-04-25
Wahil,Mute,France,2021-04-24
Wahil,Let's Fight Ghost,France,2021-04-23
Wahil,Castlevania,France,2021-04-23
Wahil,Suspicious Partner,France,2021-04-23
Wahil,Erased,France,2021-04-22
Wahil,Zero,France,2021-04-21
Wahil,Hillbilly Elegy,France,2021-04-20
Wahil,ID-0,France,2021-04-20
Wahil,Scissor Seven,France,2021-04-20
Wahil,HERO MASK,France,2021-04-19
Wahil,Seis Manos,France,2021-04-19
Wahil,Legion,France,2021-04-19
Wahil,The Rite,France,2021-04-19
Wahil,JoJo's Bizarre Adventure,France,2021-04-18
Wahil,"Hello, Me!",France,2021-04-18
Wahil,GANTZ:O,France,2021-04-17
Wahil,Dorohedoro,France,2021-04-17
Wahil,BLAME!,France,2021-04-17
Wahil,Why Are You Like This,France,2021-04-16
Wahil,Edgar Rice Burroughs' Tarzan and Jane,France,2021-04-16
Wahil,Uppena,France,2021-04-16
Wahil,Sisyphus,France,2021-04-15
Wahil,Love and Monsters,France,2021-04-15
Wahil,"Hello, Me!",France,2021-04-15
Wahil,Blade Runner 2049,France,2021-04-15
Wahil,Xico's Journey,France,2021-04-13
Wahil,Bhangra Paa Le,France,2021-04-11
Wahil,Have You Ever Seen Fireflies?,France,2021-04-10
Wahil,A Mighty Team,France,2021-04-10
Wahil,Baahubali: The Beginning (Hindi Version),France,2021-04-10
Wahil,"10,000 B.C.",France,2021-04-09
Wahil,The Decline,France,2021-04-09
Wahil,The Wandering Earth,France,2021-04-08
Wahil,Humpty Sharma Ki Dulhania,France,2021-04-07
Wahil,Khoobsurat,France,2021-04-06
Wahil,The Curious Case of Benjamin Button,France,2021-04-05
Wahil,Kiss & Cry,France,2021-04-05
Wahil,Just Say Yes,France,2021-04-05
Wahil,Seven Years in Tibet,France,2021-04-05
Wahil,Silver Linings Playbook,France,2021-04-05
Wahil,Our Souls at Night,France,2021-04-05
Wahil,Dragonheart 3: The Sorcerer's Curse,France,2021-04-03
Wahil,47 Ronin,France,2021-04-02
Wahil,Constantine,France,2021-04-02
Wahil,Going for Gold,France,2021-04-01
Wahil,Step Up: Revolution,France,2021-04-01
Wahil,Nausicaä of the Valley of the Wind,France,2021-03-31
Wahil,Arrietty,France,2021-03-31
Wahil,Ocean Waves,France,2021-03-31
Wahil,Castle in the Sky,France,2021-03-31
Wahil,Whisper of the Heart,France,2021-03-31
Wahil,Trollhunters: Tales of Arcadia,France,2021-03-30
Wahil,Tales of Zestiria the X,France,2021-03-30
Wahil,Howl’s Moving Castle,France,2021-03-30
Wahil,Dark,France,2021-03-29
Wahil,My Babysitter's a Vampire,France,2021-03-29
Wahil,The Charming Stepmom,France,2021-03-29
Wahil,To All The Boys: Always And Forever,France,2021-03-28
Wahil,Country Comfort,France,2021-03-28
Wahil,My Perfect Landing,France,2021-03-28
Wahil,Bad Trip,France,2021-03-28
Wahil,A Week Away,France,2021-03-27
Wahil,Night in Paradise,France,2021-03-26
Wahil,DOTA: Dragon's Blood,France,2021-03-24
Wahil,The I-Land,France,2021-03-24
Wahil,CAROLE & TUESDAY,France,2021-03-23
Wahil,Your Name,France,2021-03-23
Wahil,My Shy Boss,France,2021-03-22
Wahil,Paskal,France,2021-03-21
Wahil,Beyond Skyline,France,2021-03-20
Wahil,Zero Chill,France,2021-03-19
Wahil,His House,France,2021-03-19
Wahil,Start-Up,France,2021-03-18
Wahil,The Gift,France,2021-03-16
Wahil,FullMetal Alchemist,France,2021-03-16
Wahil,Cathedral of the Sea,France,2021-03-15
Wahil,The Giver,France,2021-03-15
Wahil,Shanghai Fortress,France,2021-03-15
Wahil,Black Money Love,France,2021-03-14
Wahil,The Irregulars,France,2021-03-14
Wahil,Ghost Wars,France,2021-03-13
Wahil,Paper Lives,France,2021-03-12
Wahil,Z Nation,France,2021-03-12
Wahil,Black Knight: The Man Who Guards Me,France,2021-03-12
Wahil,Amar,France,2021-03-09
Wahil,Love Alarm,France,2021-03-09
Wahil,Meteor Garden,France,2021-03-08
Wahil,Full House,France,2021-03-07
Wahil,My Mister,France,2021-03-06
Wahil,Rooftop Prince,France,2021-03-05
Wahil,Are You Human,France,2021-03-04
Wahil,Dear My Friends,France,2021-03-04
Wahil,Blood,France,2021-03-04
Wahil,Do You Like Brahms?,France,2021-03-03
Wahil,The Guest,France,2021-03-03
Wahil,Record of Youth,France,2021-03-02
Wahil,Tunnel,France,2021-03-02
Wahil,Private Lives,France,2021-03-02
Wahil,Oh My Ghost,France,2021-03-01
Wahil,Green Door,France,2021-03-01
Wahil,Answer for Heaven,France,2021-03-01
Wahil,Black,France,2021-03-01
Wahil,The Nokdu Flower,France,2021-02-28
Wahil,The Moon Embracing the Sun,France,2021-02-28
Wahil,The School Nurse Files,France,2021-02-27
Wahil,Was It Love?,France,2021-02-25
Wahil,I'm not a robot,France,2021-02-24
Wahil,Possessed,France,2021-02-23
Wahil,Spark,France,2021-02-22
Wahil,My Little Baby,France,2021-02-22
Wahil,Tribes of Europa,France,2021-02-22
Wahil,Dream High 2,France,2021-02-21
Wahil,Misaeng: Incomplete Life,France,2021-02-21
Wahil,Good Morning Call,France,2021-02-21
Wahil,Uncontrollably Fond,France,2021-02-21
Wahil,The Rise of Phoenixes,France,2021-02-21
Wahil,Sky Rojo,France,2021-02-20
Wahil,Pacific Rim: The Black,France,2021-02-20
Wahil,A Korean Odyssey,France,2021-02-20
Wahil,Murder Among the Mormons,France,2021-02-20
Wahil,Yanxi Palace: Princess Adventures,France,2021-02-20
Wahil,The Prince of Tennis ~ Match! Tennis Juniors ~,France,2021-02-19
Wahil,VIP,France,2021-02-19
Wahil,The Last Empress,France,2021-02-19
Wahil,Ice Fantasy,France,2021-02-18
Wahil,Healer,France,2021-02-17
Wahil,Romance Is a Bonus Book,France,2021-02-16
Wahil,Miss Culinary,France,2021-02-15
Wahil,Tunnel,France,2021-02-15
Wahil,One Spring Night,France,2021-02-15
Wahil,Wok of Love,France,2021-02-13
Wahil,Itaewon Class,France,2021-02-13
Wahil,Sentinelle,France,2021-02-12
Wahil,Crazy About Her,France,2021-02-12
Wahil,Miss Panda & Mr. Hedgehog,France,2021-02-12
Wahil,Love and Fortune,France,2021-02-12
Wahil,Lovely Horribly,France,2021-02-11
Wahil,Chocolate,France,2021-02-11
Wahil,Run On,France,2021-02-10
Wahil,Doctor Prisoner,France,2021-02-09
Wahil,Weightlifting Fairy Kim Bok Joo,France,2021-02-09
Wahil,My Girlfriend Is a Gumiho,France,2021-02-09
Wahil,The Producers,France,2021-02-08
Wahil,Ninja Assassin,France,2021-02-07
Wahil,A Love So Beautiful,France,2021-02-07
Wahil,My First First Love,France,2021-02-07
Wahil,The Innocents,France,2021-02-07
Wahil,Iris,France,2021-02-07
Wahil,Whisper,France,2021-02-07
Wahil,Invisible City,France,2021-02-07
Wahil,Drug Squad: Costa del Sol,France,2021-02-07
Wahil,My Secret Romance,France,2021-02-06
Wahil,Doctor Stranger,France,2021-02-06
Wahil,Yong Pal,France,2021-02-06
Wahil,Clean With Passion For Now,France,2021-02-06
Wahil,Warm and Cozy,France,2021-02-06
Wahil,The Master's Sun,France,2021-02-05
Wahil,Signal,France,2021-02-05
Wahil,Partners for Justice,France,2021-02-05
Wahil,"Hyde, Jekyll, Me",France,2021-02-05
Wahil,Hot Stove League,France,2021-02-04
Wahil,She was pretty,France,2021-02-04
Wahil,My ID is Gangnam Beauty,France,2021-02-03
Wahil,"My Secret, Terrius",France,2021-02-03
Wahil,Live Up To Your Name,France,2021-02-03
Wahil,The Scholar Who Walks the Night,France,2021-02-03
Wahil,Because This Is My First Life,France,2021-02-03
Wahil,The Liar and His Lover,France,2021-02-03
Wahil,The Tale of Nokdu,France,2021-02-02
Wahil,The Uncanny Counter,France,2021-02-01
Wahil,I Hear Your Voice,France,2021-02-01
Wahil,The Dig,France,2021-02-01
Wahil,The Third Charm,France,2021-01-31
Wahil,Strongest Deliveryman,France,2021-01-31
Wahil,Reunited Worlds,France,2021-01-31
Wahil,50M2,France,2021-01-31
Wahil,Doctors,France,2021-01-31
Wahil,Suits,France,2021-01-31
Wahil,Mystic Pop-up Bar,France,2021-01-31
Wahil,Doctor John,France,2021-01-30
Wahil,Haechi,France,2021-01-30
Wahil,Thus Spoke Kishibe Rohan,France,2021-01-29
Wahil,The Empress Ki,France,2021-01-29
Wahil,Cinderella and the Four Knights,France,2021-01-29
Wahil,Fight for My Way,France,2021-01-29
Wahil,Revolutionary Love,France,2021-01-29
Wahil,The Bride of Habaek,France,2021-01-29
Wahil,Still 17,France,2021-01-29
Wahil,The Girl Who Sees Scents,France,2021-01-28
Wahil,Birth of a Beauty,France,2021-01-28
Wahil,Find Me in Your Memory,France,2021-01-28
Wahil,Love in the Moonlight,France,2021-01-27
Wahil,My Sassy Girl,France,2021-01-27
Wahil,100 Days My Prince,France,2021-01-25
Wahil,Do Do Sol Sol La La Sol,France,2021-01-25
Wahil,"That Winter, the Wind Blows",France,2021-01-25
Wahil,Inheritors,France,2021-01-25
Wahil,Wu Assassins,France,2021-01-24
Wahil,Land Girls,France,2021-01-24
Wahil,Knightfall,France,2021-01-24
Wahil,Cable Girls,France,2021-01-23
Wahil,Illang: The Wolf Brigade,France,2021-01-23
Wahil,Rugal,France,2021-01-23
Wahil,Monarca,France,2021-01-23
Wahil,Polar,France,2021-01-23
Wahil,Spectral,France,2021-01-23
Wahil,Fate: The Winx Saga,France,2021-01-22
Wahil,My Love from the Star,France,2021-01-22
Wahil,The King 2 Hearts,France,2021-01-22
Wahil,Riverdale,France,2021-01-21
Wahil,Good Doctor,France,2021-01-21
Wahil,Crash Landing on You,France,2021-01-19
Wahil,The Stranded,France,2021-01-19
Wahil,It's Okay to Not Be Okay,France,2021-01-19
Wahil,Pinocchio,France,2021-01-18
Wahil,Black Bullet,France,2021-01-18
Wahil,The Master's Sun,France,2021-01-18
Wahil,Queen Sono,France,2021-01-18
Wahil,Something in the Rain,France,2021-01-18
Wahil,Shadow,France,2021-01-18
Wahil,Troy: Fall of a City,France,2021-01-18
Wahil,Well-Intended Love,France,2021-01-18
Wahil,Descendants of the Sun,France,2021-01-18
Wahil,Bridgerton,France,2021-01-17
Wahil,Grimgar: Ashes and Illusions,France,2021-01-17
Wahil,Lastman,France,2021-01-14
Wahil,No Game No Life,France,2021-01-14
Wahil,Neo Yokio,France,2021-01-14
Wahil,The Dragon Prince,France,2021-01-14
Wahil,Kingdom,France,2021-01-13
Wahil,Boruto: Naruto Next Generations,France,2021-01-12
Wahil,7SEEDS,France,2021-01-12
Wahil,Fate/EXTRA Last Encore,France,2021-01-12
Wahil,Another,France,2021-01-11
Wahil,Cyborg 009: Call of Justice,France,2021-01-11
Wahil,Mobile Suit Gundam UC,France,2021-01-11
Wahil,Cannon Busters,France,2021-01-11
Wahil,Fate/Apocrypha,France,2021-01-10
Wahil,​SAINT SEIYA: Knights of the Zodiac,France,2021-01-09
Wahil,KENGAN ASHURA,France,2021-01-09
Wahil,All Out!!,France,2021-01-08
Wahil,revisions,France,2021-01-08
Wahil,Durarara!!,France,2021-01-08
Wahil,Ultraman,France,2021-01-08
Wahil,Mobile Suit Gundam: Iron-Blooded Orphans,France,2021-01-08
Wahil,The White Tiger,France,2021-01-07
Wahil,Fairy Tail,France,2021-01-07
Wahil,A Certain Scientific Railgun,France,2021-01-07
Wahil,DRAGON PILOT: Hisone & Masotan,France,2021-01-07
Wahil,Angel Beats!,France,2021-01-07
Wahil,Devilman Crybaby,France,2021-01-07
Wahil,Fate/stay night: Unlimited Blade Works,France,2021-01-07
Wahil,Radiant,France,2021-01-07
Wahil,Ultramarine Magmell,France,2021-01-06
Wahil,My Hero Academia,France,2021-01-06
Wahil,Grimoire of Zero,France,2021-01-05
Wahil,Cagaster of an Insect Cage,France,2021-01-05
Wahil,Kakegurui,France,2021-01-05
Wahil,Teasing Master Takagi-san,France,2021-01-04
Wahil,Toradora!,France,2021-01-04
Wahil,Food Wars!: Shokugeki no Soma,France,2021-01-04
Wahil,Hi Score Girl,France,2021-01-04
Wahil,Your lie in April,France,2021-01-04
Wahil,iZombie,France,2021-01-01
Wahil,The Witcher: Nightmare of the Wolf,France,2020-12-29
Wahil,Disenchantment,France,2020-12-26
Wahil,Outside the Wire,France,2020-12-26
Wahil,Food Wars!: Shokugeki no Soma,France,2020-12-26
Wahil,The Idhun Chronicles,France,2020-12-26
Wahil,Prison School,France,2020-12-25
Wahil,The Idhun Chronicles,France,2020-12-25
Wahil,Attack on Titan,France,2020-12-25
Wahil,Children of the Whales,France,2020-12-24
Wahil,Levius,France,2020-12-23
Wahil,Witchcraft Works,France,2020-12-23
Wahil,Blue Exorcist,France,2020-12-23
Wahil,Violet Evergarden,France,2020-12-23
Wahil,Black Lagoon,France,2020-12-21
Wahil,Great Pretender,France,2020-12-21
Wahil,Ghost in the Shell: SAC_2045,France,2020-12-19
Wahil,Headspace Guide to Meditation,France,2020-12-14
Wahil,iZombie,France,2020-12-14
Wahil,"Extremely Wicked, Shockingly Evil and Vile",France,2020-12-09
Wahil,Chilling Adventures of Sabrina,France,2020-12-07
Wahil,Once Upon a Time... Life,France,2020-12-04
Wahil,Sweet Magnolias,France,2020-12-02
Wahil,Canvas,France,2020-12-02
Wahil,Equinox,France,2020-12-02
Wahil,The Midnight Sky,France,2020-11-30
Wahil,Salvation,France,2020-11-30
Wahil,Luna Nera,France,2020-11-28
Wahil,Love Alarm,France,2020-11-28
Wahil,Life as We Know It,France,2020-11-25
Wahil,El Dragón: Return of a Warrior,France,2020-11-23
Wahil,Stranger Things,France,2020-11-23
Wahil,A California Christmas,France,2020-11-23
Wahil,Chilling Adventures of Sabrina,France,2020-11-23
Wahil,Altered Carbon: Resleeved,France,2020-11-22
Wahil,Grand Army,France,2020-11-21
Wahil,The Liberator,France,2020-11-19
Wahil,DASH & LILY,France,2020-11-18
Wahil,Flatliners,France,2020-11-17
Wahil,Big Mouth,France,2020-11-17
Wahil,Alice in Borderland,France,2020-11-17
Wahil,Fierce,France,2020-11-17
Wahil,Mosul,France,2020-11-17
Wahil,The Mess You Leave Behind,France,2020-11-17
Wahil,Alien Worlds,France,2020-11-17
Wahil,Love & Anarchy,France,2020-11-12
Wahil,Home for Christmas,France,2020-11-10
Wahil,Heartland,France,2020-11-10
Wahil,Hillbilly Elegy,France,2020-11-08
Wahil,Virgin River,France,2020-11-08
Wahil,El Camino Christmas,France,2020-11-07
Wahil,Ava,France,2020-11-03
Wahil,Love & Anarchy,France,2020-11-03
Wahil,Don’t Listen,France,2020-11-03
Wahil,Christmas With A View,France,2020-11-01
Wahil,Raising the Bar,France,2020-11-01
Wahil,The Queen's Gambit,France,2020-10-31
Wahil,Rules Don't Apply,France,2020-10-31
Wahil,Christmas Land,France,2020-10-30
Wahil,Operation Christmas Drop,France,2020-10-30
Wahil,Carrie Pilby,France,2020-10-30
Wahil,DASH & LILY,France,2020-10-30
Wahil,Holidate,France,2020-10-28
Wahil,A Christmas Prince,France,2020-10-27
Wahil,The Holiday Calendar,France,2020-10-27
Wahil,Full Out,France,2020-10-27
Wahil,New Girl,France,2020-10-25
Wahil,Carmen Sandiego,France,2020-10-25
Wahil,The Liberator,France,2020-10-25
Wahil,Love & Anarchy,France,2020-10-25
Wahil,Wolf,France,2020-10-24
Wahil,Designated Survivor,France,2020-10-24
Wahil,Sense8,France,2020-10-24
Wahil,Over the Moon,France,2020-10-24
Wahil,Star Trek: Discovery,France,2020-10-24
Wahil,Fargo,France,2020-10-24
Wahil,The 100,France,2020-10-24
Wahil,The Good Place,France,2020-10-24
Wahil,Van Helsing,France,2020-10-24
Wahil,The Bureau of Magical Things,France,2020-10-24
Wahil,Hashoter Hatov,France,2020-10-23
Wahil,"Good Morning, Verônica",France,2020-10-23
Wahil,Gotham,France,2020-10-23
Wahil,Archer,France,2020-10-21
Wahil,Community,France,2020-10-21
Wahil,Jane The Virgin,France,2020-10-21
Wahil,Stranger,France,2020-10-21
Wahil,Love,France,2020-10-19
Wahil,Poldark,France,2020-10-07
Wahil,Outlander,France,2020-10-07
Wahil,The Queen's Gambit,France,2020-10-02
Wahil,Vexed,France,2020-09-29
Wahil,The Sinner,France,2020-09-29
Wahil,Marcella,France,2020-09-29
Wahil,Freud,France,2020-09-29
Wahil,Enola Holmes,France,2020-09-24
Wahil,The Bletchley Circle: San Francisco,France,2020-09-19
Wahil,Julie and the Phantoms,France,2020-09-16
Wahil,Salvation,France,2020-09-16
Wahil,Stranger Things,France,2020-09-10
Wahil,Zoo,France,2020-09-08
Wahil,Homeland,France,2020-09-08
Wahil,Sense8,France,2020-09-08
Wahil,DC's Legends of Tomorrow,France,2020-08-29
Wahil,The Last Summer,France,2020-08-16
Wahil,Battle,France,2020-08-16
Wahil,Dirk Gently's Holistic Detective Agency,France,2020-08-16
Wahil,Teenage Bounty Hunters,France,2020-08-15
Wahil,The Dark Tower,France,2020-08-13
Wahil,Riverdale,France,2020-08-02
Wahil,Medical Police,France,2020-08-01
Wahil,iZombie,France,2020-07-30
Wahil,Cursed,France,2020-07-25
Wahil,The Old Guard,France,2020-07-18
Wahil,365 Days,France,2020-07-15
Wahil,Cursed,France,2020-07-15
Wahil,The Kissing Booth,France,2020-07-15
Wahil,Southern Survival,France,2020-07-08
Wahil,Warrior Nun,France,2020-07-08
Wahil,The Old Guard,France,2020-07-01
Wahil,Lucifer,France,2020-06-30
Wahil,Dangerous Lies,France,2020-05-11
Wahil,True Story,France,2020-02-20
Wahil,Split,France,2020-02-16
Wahil,Spenser Confidential,France,2020-01-24
Wahil,Riverdale,France,2019-09-13
Wahil,Friends,France,2019-09-13
Wahil,Arrow,France,2019-09-13
Wahil,Narcos,France,2019-09-13
Wahil,The Walking Dead,France,2019-09-13
Wahil,Money Heist,France,2019-09-13
Wahil,Peppa Pig,France,2019-09-13
Wahil,Harry Potter and the Sorcerer's Stone,France,2019-09-13
Wahil,Minions,France,2019-09-13
Wahil,Murder Mystery,France,2019-09-13
Wahil,Orange Is the New Black,France,2019-09-13
Wahil,Mowgli: Legend of the Jungle,France,2019-09-13
Wahil,Prison Break,France,2019-09-13
Wahil,Rick and Morty,France,2019-09-13
Wahil,Breaking Bad,France,2019-09-13
Wahil,Triple Frontier,France,2019-09-13
Wahil,Stranger Things,France,2019-09-13
Wahil,Black Mirror,France,2019-09-13
Wahil,13 Reasons Why,France,2019-09-13
Wahil,The Boss Baby: Back in Business,France,2019-09-13
Tous le monde,My Octopus Teacher,France,2020-09-15
Tous le monde,Curse of Chucky,France,2020-09-08
Tous le monde,Dante's Peak,France,2020-08-29
Tous le monde,My Octopus Teacher,France,2020-08-29
Tous le monde,Curse of Chucky,France,2020-08-29
Tous le monde,Somebody Feed Phil,France,2020-06-24
Maman,Inside the Criminal Mind,France,2020-05-09
